Lake Name,Counted By,Date Sampled,Host Species,Parasite,Egg Number,Notes
Cedar,KJM,6/1/2022,Dubia,Uninfected ,1,
Cedar,KJM,6/1/2022,Dubia,Uninfected ,0,
Cedar,KJM,6/1/2022,Dubia,Uninfected ,1,
Cedar,KJM,6/1/2022,Dubia,Uninfected ,0,
Cedar,KJM,6/1/2022,Dubia,Uninfected ,0,
Cedar,KJM,6/1/2022,Dubia,Uninfected ,0,
Cedar,KJM,6/1/2022,Dubia,Uninfected ,0,
Cedar,KJM,6/1/2022,Dubia,Uninfected ,0,
Cedar,KJM,6/1/2022,Dubia,Uninfected ,0,
Cedar,KJM,6/1/2022,Dubia,Uninfected ,1,
Cedar,KJM,6/1/2022,Dubia,Uninfected ,0,
Cedar,KJM,6/1/2022,Dubia,Uninfected ,0,
Cedar,KJM,6/1/2022,Dubia,Uninfected ,1,
Cedar,KJM,6/1/2022,Dubia,Uninfected ,0,
Cedar,KJM,6/1/2022,Dubia,Uninfected ,1,
Cedar,KJM,6/1/2022,Dubia,Uninfected ,1,
Cedar,KJM,6/1/2022,Dubia,Uninfected ,0,
Cedar,KJM,6/1/2022,Dubia,Uninfected ,0,
Cedar,KJM,6/1/2022,Dubia,Uninfected ,0,
Cedar,KJM,6/1/2022,Dubia,Uninfected ,0,
Cedar,KJM,6/1/2022,Dubia,Uninfected ,1,
Cedar,KJM,6/1/2022,Dubia,Uninfected ,1,
Cedar,KJM,6/1/2022,Dubia,Uninfected ,1,
Cedar,KJM,6/1/2022,Dubia,Uninfected ,0,
Cedar,KJM,6/1/2022,Dubia,Uninfected ,1,
Cedar,KJM,6/1/2022,Dubia,Uninfected ,1,
Cedar,KJM,6/1/2022,Dubia,Uninfected ,0,
Cedar,KJM,6/1/2022,Dubia,Uninfected ,0,
Cedar,KJM,6/1/2022,Dubia,Uninfected ,0,
Cedar,KJM,6/1/2022,Dubia,Coke,0,
Cedar,KJM,6/1/2022,Dubia,Coke,0,
Cedar,KJM,6/1/2022,Dubia,Coke,1,
Crooked W,MKD,6/1/2022,Dubia,Uninfected ,1,
Crooked W,MKD,6/1/2022,Dubia,Uninfected ,0,
Crooked W,MKD,6/1/2022,Dubia,Uninfected ,0,
Crooked W,MKD,6/1/2022,Dubia,Uninfected ,0,
Crooked W,MKD,6/1/2022,Dubia,Uninfected ,1,
Crooked W,MKD,6/1/2022,Dubia,Uninfected ,0,
Crooked W,MKD,6/1/2022,Dubia,Uninfected ,2,
Crooked W,MKD,6/1/2022,Dubia,Uninfected ,2,
Crooked W,MKD,6/1/2022,Dubia,Uninfected ,2,
Crooked W,MKD,6/1/2022,Dubia,Uninfected ,1,
Crooked W,MKD,6/1/2022,Dubia,Uninfected ,2,
Crooked W,MKD,6/1/2022,Dubia,Uninfected ,1,
Crooked W,MKD,6/1/2022,Dubia,Uninfected ,2,
Crooked W,MKD,6/1/2022,Dubia,Uninfected ,2,
Crooked W,MKD,6/1/2022,Dubia,Uninfected ,1,
Crooked W,MKD,6/1/2022,Dubia,Uninfected ,1,
Crooked W,MKD,6/1/2022,Dubia,Uninfected ,1,
Crooked W,MKD,6/1/2022,Dubia,Uninfected ,2,
Crooked W,MKD,6/1/2022,Dubia,Uninfected ,1,
Crooked W,MKD,6/1/2022,Dubia,Uninfected ,0,
Crooked W,MKD,6/1/2022,Dubia,Uninfected ,2,
Crooked W,MKD,6/1/2022,Dubia,Uninfected ,1,
Crooked W,MKD,6/1/2022,Dubia,Uninfected ,2,
Crooked W,MKD,6/1/2022,Dubia,Uninfected ,0,
Crooked W,MKD,6/1/2022,Dubia,Uninfected ,2,
Crooked W,MKD,6/1/2022,Dubia,Uninfected ,1,
Crooked W,MKD,6/1/2022,Dubia,Uninfected ,1,
Crooked W,MKD,6/1/2022,Dubia,Uninfected ,1,
Crooked W,MKD,6/1/2022,Dubia,Uninfected ,2,
Crooked W,MKD,6/1/2022,Dubia,Uninfected ,2,
Crooked W,MKD,6/1/2022,Dubia,Uninfected ,1,
Crooked W,MKD,6/1/2022,Dubia,Uninfected ,1,
Crooked W,MKD,6/1/2022,Dubia,Uninfected ,1,
Crooked W,MKD,6/1/2022,Dubia,Uninfected ,1,
Crooked W,MKD,6/1/2022,Dubia,Uninfected ,1,
Crooked W,MKD,6/1/2022,Dubia,Uninfected ,e,
Crooked W,MKD,6/1/2022,Dubia,Uninfected ,e,
Crooked W,MKD,6/1/2022,Dubia,Coke,0,
Appleton,KJM,6/2/2022,Dubia,Uninfected ,2,
Appleton,KJM,6/2/2022,Dubia,Uninfected ,1,
Appleton,KJM,6/2/2022,Dubia,Uninfected ,0,
Appleton,KJM,6/2/2022,Dubia,Uninfected ,1,
Appleton,KJM,6/2/2022,Dubia,Uninfected ,1,
Appleton,KJM,6/2/2022,Dubia,Uninfected ,0,
Appleton,KJM,6/2/2022,Dubia,Uninfected ,0,
Appleton,KJM,6/2/2022,Dubia,Uninfected ,1,
Appleton,KJM,6/2/2022,Dubia,Uninfected ,3,
Appleton,KJM,6/2/2022,Dubia,Uninfected ,0,
Appleton,KJM,6/2/2022,Dubia,Uninfected ,1,
Appleton,KJM,6/2/2022,Dubia,Uninfected ,2,
Appleton,KJM,6/2/2022,Dubia,Uninfected ,0,
Appleton,KJM,6/2/2022,Dubia,Uninfected ,0,
Appleton,KJM,6/2/2022,Dubia,Uninfected ,0,
Appleton,KJM,6/2/2022,Dubia,Uninfected ,2,
Appleton,KJM,6/2/2022,Dubia,Uninfected ,0,
Appleton,KJM,6/2/2022,Dubia,Uninfected ,2,
Appleton,KJM,6/2/2022,Dubia,Uninfected ,2,
Appleton,KJM,6/2/2022,Dubia,Uninfected ,0,
Appleton,KJM,6/2/2022,Dubia,Uninfected ,1,
Appleton,KJM,6/2/2022,Dubia,Uninfected ,0,
Appleton,KJM,6/2/2022,Dubia,Uninfected ,0,
Appleton,KJM,6/2/2022,Dubia,Uninfected ,0,
Appleton,KJM,6/2/2022,Dubia,Uninfected ,0,
Appleton,KJM,6/2/2022,Dubia,Coke,1,
Bishop,LSD,6/2/2022,Dubia,Uninfected ,0,
Bishop,LSD,6/2/2022,Dubia,Uninfected ,0,
Bishop,LSD,6/2/2022,Dubia,Uninfected ,0,
Bishop,LSD,6/2/2022,Dubia,Uninfected ,0,
Bishop,LSD,6/2/2022,Dubia,Uninfected ,0,
Bishop,LSD,6/2/2022,Dubia,Uninfected ,0,
Bishop,LSD,6/2/2022,Dubia,Uninfected ,0,
Bishop,LSD,6/2/2022,Dubia,Uninfected ,0,
Bishop,LSD,6/2/2022,Dubia,Uninfected ,0,
Bishop,LSD,6/2/2022,Dubia,Uninfected ,0,
Bishop,LSD,6/2/2022,Dubia,Uninfected ,0,
Bishop,LSD,6/2/2022,Dubia,Uninfected ,1,
Bishop,LSD,6/2/2022,Dubia,Uninfected ,1,
Bishop,LSD,6/2/2022,Dubia,Uninfected ,0,
Bishop,LSD,6/2/2022,Dubia,Uninfected ,0,
Bishop,LSD,6/2/2022,Dubia,Uninfected ,0,
Bishop,LSD,6/2/2022,Dubia,Uninfected ,0,
Bishop,LSD,6/2/2022,Dubia,Uninfected ,0,
Bishop,LSD,6/2/2022,Dubia,Uninfected ,0,
Bishop,LSD,6/2/2022,Dubia,Uninfected ,0,
Bishop,LSD,6/2/2022,Dubia,Uninfected ,0,
Bishop,LSD,6/2/2022,Dubia,Uninfected ,0,
Bishop,LSD,6/2/2022,Dubia,Uninfected ,0,
Bishop,LSD,6/2/2022,Dubia,Uninfected ,0,
Bishop,LSD,6/2/2022,Dubia,Uninfected ,0,
Bishop,LSD,6/2/2022,Dubia,Coke,0,
Bishop,LSD,6/2/2022,Dubia,Coke,0,
Woodland,SKC,6/3/2022,Dubia,Uninfected ,0,
Woodland,SKC,6/3/2022,Dubia,Uninfected ,0,
Woodland,SKC,6/3/2022,Dubia,Uninfected ,0,
Woodland,SKC,6/3/2022,Dubia,Uninfected ,0,
Woodland,SKC,6/3/2022,Dubia,Uninfected ,0,
Woodland,SKC,6/3/2022,Dubia,Uninfected ,0,
Woodland,SKC,6/3/2022,Dubia,Uninfected ,0,
Woodland,SKC,6/3/2022,Dubia,Uninfected ,0,
Woodland,SKC,6/3/2022,Dubia,Uninfected ,0,
Woodland,SKC,6/3/2022,Dubia,Uninfected ,0,
Woodland,SKC,6/3/2022,Dubia,Uninfected ,0,
Woodland,SKC,6/3/2022,Dubia,Uninfected ,0,
Woodland,SKC,6/3/2022,Dubia,Uninfected ,0,
Woodland,SKC,6/3/2022,Dubia,Uninfected ,0,
Woodland,SKC,6/3/2022,Dubia,Uninfected ,0,
Woodland,SKC,6/3/2022,Dubia,Uninfected ,0,
Woodland,SKC,6/3/2022,Dubia,Uninfected ,0,
Woodland,SKC,6/3/2022,Dubia,Uninfected ,0,
Woodland,SKC,6/3/2022,Dubia,Uninfected ,0,
Woodland,SKC,6/3/2022,Dubia,Uninfected ,0,
Woodland,SKC,6/3/2022,Dubia,MicG,0,
Woodland,SKC,6/3/2022,Dubia,MicG,0,
Woodland,SKC,6/3/2022,Dubia,MicG,0,
Bruin,KJM,6/7/2022,Dubia,Uninfected ,0,
Bruin,KJM,6/7/2022,Dubia,Uninfected ,2,
Bruin,KJM,6/7/2022,Dubia,Uninfected ,1,
Bruin,KJM,6/7/2022,Dubia,Uninfected ,0,
Bruin,KJM,6/7/2022,Dubia,Uninfected ,2,
Bruin,KJM,6/7/2022,Dubia,Uninfected ,3,
Bruin,KJM,6/7/2022,Dubia,Uninfected ,2,
Bruin,KJM,6/7/2022,Dubia,Uninfected ,0,
Bruin,KJM,6/7/2022,Dubia,Uninfected ,3,
Bruin,KJM,6/7/2022,Dubia,Uninfected ,2,
Bruin,KJM,6/7/2022,Dubia,Uninfected ,2,
Bruin,KJM,6/7/2022,Dubia,Uninfected ,3,
Bruin,KJM,6/7/2022,Dubia,Uninfected ,0,
Bruin,KJM,6/7/2022,Dubia,Uninfected ,4,
Bruin,KJM,6/7/2022,Dubia,Uninfected ,0,
Bruin,KJM,6/7/2022,Dubia,Uninfected ,2,
Bruin,KJM,6/7/2022,Dubia,Uninfected ,2,
Bruin,KJM,6/7/2022,Dubia,Uninfected ,3,
Bruin,KJM,6/7/2022,Dubia,Uninfected ,5,
Bruin,KJM,6/7/2022,Dubia,Uninfected ,2,
Bruin,KJM,6/7/2022,Dubia,Uninfected ,1,
Bruin,KJM,6/7/2022,Dubia,Uninfected ,2,
Bruin,KJM,6/7/2022,Dubia,Uninfected ,1,
Bruin,KJM,6/7/2022,Dubia,Coke,2,
Bruin,KJM,6/7/2022,Dubia,Coke,0,
Bruin,KJM,6/7/2022,Dubia,Coke,0,
Bruin,KJM,6/7/2022,Dubia,Coke,2,
Bruin,KJM,6/7/2022,Dubia,Coke,2,
Bruin,KJM,6/7/2022,Dubia,Coke,3,
Cedar,KJM,7/11/2022,Dubia,Uninfected ,0,
Cedar,KJM,7/11/2022,Dubia,Uninfected ,0,
Cedar,KJM,7/11/2022,Dubia,Uninfected ,2,
Cedar,KJM,7/11/2022,Dubia,Uninfected ,0,
Cedar,KJM,7/11/2022,Dubia,Uninfected ,1,
Cedar,KJM,7/11/2022,Dubia,Uninfected ,0,
Cedar,KJM,7/11/2022,Dubia,Uninfected ,0,
Cedar,KJM,7/11/2022,Dubia,Uninfected ,0,
Cedar,KJM,7/11/2022,Dubia,Uninfected ,0,
Cedar,KJM,7/11/2022,Dubia,Uninfected ,0,
Cedar,KJM,7/11/2022,Dubia,Uninfected ,2,
Cedar,KJM,7/11/2022,Dubia,Uninfected ,0,
Cedar,KJM,7/11/2022,Dubia,Uninfected ,0,
Cedar,KJM,7/11/2022,Dubia,Uninfected ,1,
Cedar,KJM,7/11/2022,Dubia,Uninfected ,0,
Cedar,KJM,7/11/2022,Dubia,Uninfected ,1,
Cedar,KJM,7/11/2022,Dubia,Uninfected ,1,
Cedar,KJM,7/11/2022,Dubia,Uninfected ,0,
Cedar,KJM,7/11/2022,Dubia,Uninfected ,0,
Cedar,KJM,7/11/2022,Dubia,Uninfected ,1,
Cedar,KJM,7/11/2022,Dubia,Uninfected ,1,
Cedar,KJM,7/11/2022,Dubia,Uninfected ,0,
Cedar,KJM,7/11/2022,Dubia,Uninfected ,0,
Crooked W,SKC and KJM,7/11/2022,Dubia,Uninfected ,1,
Crooked W,SKC and KJM,7/11/2022,Dubia,Uninfected ,1,
Crooked W,SKC and KJM,7/11/2022,Dubia,Uninfected ,1,
Crooked W,SKC and KJM,7/11/2022,Dubia,Uninfected ,0,
Crooked W,SKC and KJM,7/11/2022,Dubia,Uninfected ,1,
Crooked W,SKC and KJM,7/11/2022,Dubia,Uninfected ,1,
Crooked W,SKC and KJM,7/11/2022,Dubia,Uninfected ,1,
Crooked W,SKC and KJM,7/11/2022,Dubia,Uninfected ,1,
Crooked W,SKC and KJM,7/11/2022,Dubia,Uninfected ,0,
Crooked W,SKC and KJM,7/11/2022,Dubia,Uninfected ,0,
Crooked W,SKC and KJM,7/11/2022,Dubia,Uninfected ,1,
Crooked W,SKC and KJM,7/11/2022,Dubia,Uninfected ,1,
Crooked W,SKC and KJM,7/11/2022,Dubia,Uninfected ,1,
Crooked W,SKC and KJM,7/11/2022,Dubia,Uninfected ,1,
Crooked W,SKC and KJM,7/11/2022,Dubia,Uninfected ,1,
Crooked W,SKC and KJM,7/11/2022,Dubia,Uninfected ,1,
Crooked W,SKC and KJM,7/11/2022,Dubia,Uninfected ,1,
Crooked W,SKC and KJM,7/11/2022,Dubia,Uninfected ,1,
Crooked W,SKC and KJM,7/11/2022,Dubia,Uninfected ,0,
Crooked W,SKC and KJM,7/11/2022,Dubia,Uninfected ,0,
Crooked W,SKC and KJM,7/11/2022,Dubia,Uninfected ,1,
Crooked W,SKC and KJM,7/11/2022,Dubia,Uninfected ,1,
Crooked W,SKC and KJM,7/11/2022,Dubia,Uninfected ,1,
Crooked W,SKC and KJM,7/11/2022,Dubia,Uninfected ,1,
Crooked W,SKC and KJM,7/11/2022,Dubia,Uninfected ,1,
Crooked W,SKC and KJM,7/11/2022,Dubia,Uninfected ,1,
Crooked W,SKC and KJM,7/11/2022,Dubia,Uninfected ,0,
Crooked W,SKC and KJM,7/11/2022,Dubia,Uninfected ,1,
Crooked W,SKC and KJM,7/11/2022,Dubia,Uninfected ,0,
Crooked W,SKC and KJM,7/11/2022,Dubia,Uninfected ,1,
Crooked W,SKC and KJM,7/11/2022,Dubia,Uninfected ,1,
Crooked W,SKC and KJM,7/11/2022,Dubia,Uninfected ,1,
Crooked W,SKC and KJM,7/11/2022,Dubia,Uninfected ,1,
Crooked W,SKC and KJM,7/11/2022,Dubia,Uninfected ,1,
Bishop,MKD,7/13/2022,Dubia,Uninfected ,3,
Bishop,MKD,7/13/2022,Dubia,Uninfected ,1,
Bishop,MKD,7/13/2022,Dubia,Uninfected ,2,
Bishop,MKD,7/13/2022,Dubia,Uninfected ,2,
Bishop,MKD,7/13/2022,Dubia,Uninfected ,4,
Bishop,MKD,7/13/2022,Dubia,Uninfected ,3,
Bishop,MKD,7/13/2022,Dubia,Uninfected ,2,
Bishop,MKD,7/13/2022,Dubia,Uninfected ,1,
Bishop,MKD,7/13/2022,Dubia,Uninfected ,2,
Bishop,MKD,7/13/2022,Dubia,Uninfected ,3,
Bishop,MKD,7/13/2022,Dubia,Uninfected ,2,
Bishop,MKD,7/13/2022,Dubia,Uninfected ,3,
Bishop,MKD,7/13/2022,Dubia,Uninfected ,1,
Bishop,MKD,7/13/2022,Dubia,Uninfected ,2,
Bishop,MKD,7/13/2022,Dubia,Uninfected ,2,
Bishop,MKD,7/13/2022,Dubia,Uninfected ,1,
Bishop,MKD,7/13/2022,Dubia,Uninfected ,1,
Bishop,MKD,7/13/2022,Dubia,Uninfected ,2,
Bishop,MKD,7/13/2022,Dubia,Uninfected ,2,
Bishop,MKD,7/13/2022,Dubia,Uninfected ,2,
Whitmore,LSD,7/14/2022,Dubia,Uninfected ,0,
Whitmore,LSD,7/14/2022,Dubia,Uninfected ,0,
Whitmore,LSD,7/14/2022,Dubia,Uninfected ,0,
Whitmore,LSD,7/14/2022,Dubia,Uninfected ,1,
Whitmore,LSD,7/14/2022,Dubia,Uninfected ,4,
Whitmore,LSD,7/14/2022,Dubia,Uninfected ,0,
Whitmore,LSD,7/14/2022,Dubia,Uninfected ,2,
Whitmore,LSD,7/14/2022,Dubia,Uninfected ,3,
Whitmore,LSD,7/14/2022,Dubia,Uninfected ,3,
Whitmore,LSD,7/14/2022,Dubia,Uninfected ,1,
Whitmore,LSD,7/14/2022,Dubia,Uninfected ,0,
Whitmore,LSD,7/14/2022,Dubia,Uninfected ,0,
Whitmore,LSD,7/14/2022,Dubia,Uninfected ,0,
Whitmore,LSD,7/14/2022,Dubia,Uninfected ,0,
Whitmore,LSD,7/14/2022,Dubia,Uninfected ,1,
Whitmore,LSD,7/14/2022,Dubia,Uninfected ,2,
Bruin,SKC,7/20/2022,Dubia,Uninfected ,1,
Bruin,SKC,7/20/2022,Dubia,Uninfected ,1,
Bruin,SKC,7/20/2022,Dubia,Uninfected ,0,
Bruin,SKC,7/20/2022,Dubia,Uninfected ,2,
Bruin,SKC,7/20/2022,Dubia,Uninfected ,0,
Bruin,SKC,7/20/2022,Dubia,Uninfected ,1,
Bruin,SKC,7/20/2022,Dubia,Uninfected ,1,
Bruin,SKC,7/20/2022,Dubia,Uninfected ,0,
Bruin,SKC,7/20/2022,Dubia,Uninfected ,1,
Bruin,SKC,7/20/2022,Dubia,Uninfected ,2,
Bruin,SKC,7/20/2022,Dubia,Uninfected ,1,
Bruin,SKC,7/20/2022,Dubia,Unknown Parasite (white clumps),2,
Cedar,KJM,7/25/2022,Dubia,Uninfected ,1,
Cedar,KJM,7/25/2022,Dubia,Uninfected ,1,
Cedar,KJM,7/25/2022,Dubia,Uninfected ,0,
Cedar,KJM,7/25/2022,Dubia,Uninfected ,1,
Cedar,KJM,7/25/2022,Dubia,Uninfected ,0,
Cedar,KJM,7/25/2022,Dubia,Uninfected ,0,
Cedar,KJM,7/25/2022,Dubia,Uninfected ,1,
Cedar,KJM,7/25/2022,Dubia,Uninfected ,1,
Cedar,KJM,7/25/2022,Dubia,Uninfected ,1,
Cedar,KJM,7/25/2022,Dubia,Uninfected ,0,
Cedar,KJM,7/25/2022,Dubia,Uninfected ,1,
Cedar,KJM,7/25/2022,Dubia,Uninfected ,1,
Cedar,KJM,7/25/2022,Dubia,Uninfected ,0,
Cedar,KJM,7/25/2022,Dubia,Uninfected ,1,
Cedar,KJM,7/25/2022,Dubia,Uninfected ,1,
Cedar,KJM,7/25/2022,Dubia,Uninfected ,1,
Cedar,KJM,7/25/2022,Dubia,Uninfected ,2,
Cedar,KJM,7/25/2022,Dubia,Uninfected ,1,
Cedar,KJM,7/25/2022,Dubia,Uninfected ,0,
Cedar,KJM,7/25/2022,Dubia,Uninfected ,0,
Cedar,KJM,7/25/2022,Dubia,Uninfected ,1,
Cedar,KJM,7/25/2022,Dubia,Uninfected ,0,
Cedar,KJM,7/25/2022,Dubia,Uninfected ,1,
Cedar,KJM,7/25/2022,Dubia,Uninfected ,0,
Cedar,KJM,7/25/2022,Dubia,Uninfected ,1,
Cedar,KJM,7/25/2022,Dubia,Uninfected ,1,
Cedar,KJM,7/25/2022,Dubia,Uninfected ,2,
Crooked W,SKC,7/25/2022,Dubia,Uninfected ,1,
Crooked W,SKC,7/25/2022,Dubia,Uninfected ,1,
Crooked W,SKC,7/25/2022,Dubia,Uninfected ,2,
Crooked W,SKC,7/25/2022,Dubia,Uninfected ,1,
Crooked W,SKC,7/25/2022,Dubia,Uninfected ,1,
Crooked W,SKC,7/25/2022,Dubia,Uninfected ,2,
Crooked W,SKC,7/25/2022,Dubia,Uninfected ,1,
Crooked W,SKC,7/25/2022,Dubia,Uninfected ,1,
Crooked W,SKC,7/25/2022,Dubia,Uninfected ,1,
Crooked W,SKC,7/25/2022,Dubia,Uninfected ,1,
Crooked W,SKC,7/25/2022,Dubia,Uninfected ,1,
Crooked W,SKC,7/25/2022,Dubia,Uninfected ,0,
Crooked W,SKC,7/25/2022,Dubia,Uninfected ,0,
Crooked W,SKC,7/25/2022,Dubia,Uninfected ,1,
Crooked W,SKC,7/25/2022,Dubia,Uninfected ,1,
Crooked W,SKC,7/25/2022,Dubia,Uninfected ,1,
Crooked W,SKC,7/25/2022,Dubia,Uninfected ,1,
Crooked W,SKC,7/25/2022,Dubia,Uninfected ,1,
Crooked W,SKC,7/25/2022,Dubia,Uninfected ,1,
Crooked W,SKC,7/25/2022,Dubia,Uninfected ,1,
Crooked W,SKC,7/25/2022,Dubia,Uninfected ,1,
Appleton,MKD,7/27/2022,Dubia,Uninfected ,1,
Appleton,MKD,7/27/2022,Dubia,Uninfected ,0,
Appleton,MKD,7/27/2022,Dubia,Uninfected ,0,
Appleton,MKD,7/27/2022,Dubia,Uninfected ,0,
Appleton,MKD,7/27/2022,Dubia,Uninfected ,0,
Appleton,MKD,7/27/2022,Dubia,Uninfected ,1,
Appleton,MKD,7/27/2022,Dubia,Uninfected ,0,
Appleton,MKD,7/27/2022,Dubia,Uninfected ,0,
Appleton,MKD,7/27/2022,Dubia,Uninfected ,1,
Appleton,MKD,7/27/2022,Dubia,Uninfected ,0,
Appleton,MKD,7/27/2022,Dubia,Uninfected ,1,
Appleton,MKD,7/27/2022,Dubia,Uninfected ,0,
Appleton,MKD,7/27/2022,Dubia,Uninfected ,1,
Appleton,MKD,7/27/2022,Dubia,Uninfected ,0,
Appleton,MKD,7/27/2022,Dubia,Uninfected ,1,
Appleton,MKD,7/27/2022,Dubia,Uninfected ,1,
Appleton,MKD,7/27/2022,Dubia,Uninfected ,1,
Appleton,MKD,7/27/2022,Dubia,Uninfected ,1,
Appleton,MKD,7/27/2022,Dubia,Uninfected ,1,
Appleton,MKD,7/27/2022,Dubia,Uninfected ,0,
Appleton,MKD,7/27/2022,Dubia,Uninfected ,0,
Appleton,MKD,7/27/2022,Dubia,Uninfected ,1,
Appleton,MKD,7/27/2022,Dubia,Coke,2,
Bishop,MKD,7/27/2022,Dubia,Uninfected ,0,
Bishop,MKD,7/27/2022,Dubia,Uninfected ,1,
Bishop,MKD,7/27/2022,Dubia,Uninfected ,3,
Bishop,MKD,7/27/2022,Dubia,Uninfected ,2,
Bishop,MKD,7/27/2022,Dubia,Uninfected ,0,
Bishop,MKD,7/27/2022,Dubia,Uninfected ,3,
Bishop,MKD,7/27/2022,Dubia,Uninfected ,2,
Bishop,MKD,7/27/2022,Dubia,Uninfected ,1,
Bishop,MKD,7/27/2022,Dubia,Uninfected ,2,
Bishop,MKD,7/27/2022,Dubia,Uninfected ,1,
Bishop,MKD,7/27/2022,Dubia,Uninfected ,1,
Bishop,MKD,7/27/2022,Dubia,Uninfected ,1,
Bishop,MKD,7/27/2022,Dubia,Uninfected ,2,
Bishop,MKD,7/27/2022,Dubia,Uninfected ,2,
Bishop,MKD,7/27/2022,Dubia,Uninfected ,2,
Bishop,MKD,7/27/2022,Dubia,Uninfected ,1,
Bishop,MKD,7/27/2022,Dubia,Uninfected ,1,
Bishop,MKD,7/27/2022,Dubia,Uninfected ,0,
Bishop,MKD,7/27/2022,Dubia,Uninfected ,2,
Bishop,MKD,7/27/2022,Dubia,Uninfected ,2,
Bishop,MKD,7/27/2022,Dubia,Uninfected ,2,
Bishop,MKD,7/27/2022,Dubia,Uninfected ,2,
Bishop,MKD,7/27/2022,Dubia,Uninfected ,0,
Bishop,MKD,7/27/2022,Dubia,Uninfected ,2,
Bishop,MKD,7/27/2022,Dubia,Uninfected ,1,
Bishop,MKD,7/27/2022,Dubia,Uninfected ,1,
Bishop,MKD,7/27/2022,Dubia,Uninfected ,1,
Bishop,MKD,7/27/2022,Dubia,Red Spiro,0,
Bruin,KJM,8/3/2022,Dubia,Uninfected ,1,
Bruin,KJM,8/3/2022,Dubia,Uninfected ,1,
Bruin,KJM,8/3/2022,Dubia,Uninfected ,1,
Bruin,KJM,8/3/2022,Dubia,Uninfected ,2,
Bruin,KJM,8/3/2022,Dubia,Uninfected ,1,
Bruin,KJM,8/3/2022,Dubia,Uninfected ,1,
Bruin,KJM,8/3/2022,Dubia,Uninfected ,2,
Bruin,KJM,8/3/2022,Dubia,Uninfected ,0,
Bruin,KJM,8/3/2022,Dubia,Uninfected ,2,
Bruin,KJM,8/3/2022,Dubia,Uninfected ,1,
Bruin,KJM,8/3/2022,Dubia,Uninfected ,1,
Bruin,KJM,8/3/2022,Dubia,Uninfected ,1,
Bruin,KJM,8/3/2022,Dubia,Uninfected ,1,
Bruin,KJM,8/3/2022,Dubia,Uninfected ,0,
Bruin,KJM,8/3/2022,Dubia,Uninfected ,0,
Bruin,KJM,8/3/2022,Dubia,Uninfected ,1,
Bruin,KJM,8/3/2022,Dubia,Uninfected ,1,
Bruin,KJM,8/3/2022,Dubia,Uninfected ,0,
Bruin,KJM,8/3/2022,Dubia,Uninfected ,0,
Bruin,KJM,8/3/2022,Dubia,Uninfected ,1,
Bruin,KJM,8/3/2022,Dubia,Uninfected ,1,
Bruin,KJM,8/3/2022,Dubia,Uninfected ,2,
Bruin,KJM,8/3/2022,Dubia,Uninfected ,1,
Bruin,KJM,8/3/2022,Dubia,Uninfected ,0,
Bruin,KJM,8/3/2022,Dubia,Uninfected ,2,
Bruin,KJM,8/3/2022,Dubia,Uninfected ,2,
Bruin,KJM,8/3/2022,Dubia,Uninfected ,1,
Bruin,KJM,8/3/2022,Dubia,Coke,0,
Bruin,KJM,8/3/2022,Dubia,Coke,2,
Bruin,KJM,8/3/2022,Dubia,Coke,1,
Crooked W,KFS,8/8/2022,Dubia,Uninfected ,2,
Crooked W,KFS,8/8/2022,Dubia,Uninfected ,2,
Crooked W,KFS,8/8/2022,Dubia,Uninfected ,1,
Crooked W,KFS,8/8/2022,Dubia,Uninfected ,2,
Crooked W,KFS,8/8/2022,Dubia,Uninfected ,1,
Crooked W,KFS,8/8/2022,Dubia,Uninfected ,0,
Crooked W,KFS,8/8/2022,Dubia,Uninfected ,1,
Crooked W,KFS,8/8/2022,Dubia,Uninfected ,1,
Crooked W,KFS,8/8/2022,Dubia,Uninfected ,1,
Crooked W,KFS,8/8/2022,Dubia,Uninfected ,2,
Crooked W,KFS,8/8/2022,Dubia,Uninfected ,1,
Cedar,LSD,8/8/2022,Dubia,Uninfected ,1,
Cedar,LSD,8/8/2022,Dubia,Uninfected ,1,
Cedar,LSD,8/8/2022,Dubia,Uninfected ,1,
Cedar,LSD,8/8/2022,Dubia,Uninfected ,1,
Cedar,LSD,8/8/2022,Dubia,Uninfected ,1,
Cedar,LSD,8/8/2022,Dubia,Uninfected ,0,
Cedar,LSD,8/8/2022,Dubia,Uninfected ,0,
Cedar,LSD,8/8/2022,Dubia,Uninfected ,0,
Cedar,LSD,8/8/2022,Dubia,Uninfected ,0,
Cedar,LSD,8/8/2022,Dubia,Uninfected ,1,
Cedar,LSD,8/8/2022,Dubia,Uninfected ,0,
Cedar,LSD,8/8/2022,Dubia,Uninfected ,1,
Cedar,LSD,8/8/2022,Dubia,Uninfected ,1,
Cedar,LSD,8/8/2022,Dubia,Uninfected ,1,
Cedar,LSD,8/8/2022,Dubia,Uninfected ,0,
Cedar,LSD,8/8/2022,Dubia,Uninfected ,0,
Cedar,LSD,8/8/2022,Dubia,Uninfected ,0,
Cedar,LSD,8/8/2022,Dubia,Uninfected ,0,
Cedar,LSD,8/8/2022,Dubia,Uninfected ,0,
Cedar,LSD,8/8/2022,Dubia,Uninfected ,0,
Cedar,LSD,8/8/2022,Dubia,Uninfected ,0,
Cedar,LSD,8/8/2022,Dubia,Uninfected ,0,
Cedar,LSD,8/8/2022,Dubia,Uninfected ,0,
Cedar,LSD,8/8/2022,Dubia,Uninfected ,0,
Cedar,LSD,8/8/2022,Dubia,Uninfected ,0,
Cedar,LSD,8/8/2022,Dubia,Uninfected ,0,
Cedar,LSD,8/8/2022,Dubia,Uninfected ,1,
Cedar,LSD,8/8/2022,Dubia,Uninfected ,1,
Cedar,LSD,8/8/2022,Dubia,Uninfected ,1,
Cedar,LSD,8/8/2022,Dubia,Uninfected ,1,
Cedar,LSD,8/8/2022,Dubia,Uninfected ,0,
Cedar,LSD,8/8/2022,Dubia,Uninfected ,1,
Cedar,LSD,8/8/2022,Dubia,Uninfected ,1,
Cedar,LSD,8/8/2022,Dubia,Uninfected ,0,
Cedar,LSD,8/8/2022,Dubia,Uninfected ,0,
Cedar,LSD,8/8/2022,Dubia,Uninfected ,0,
Cedar,LSD,8/8/2022,Dubia,Uninfected ,0,
Cedar,LSD,8/8/2022,Dubia,Uninfected ,0,
Cedar,LSD,8/8/2022,Dubia,Uninfected ,1,
Cedar,LSD,8/8/2022,Dubia,Uninfected ,0,
Cedar,LSD,8/8/2022,Dubia,Uninfected ,1,
Cedar,LSD,8/8/2022,Dubia,Uninfected ,1,
Cedar,LSD,8/8/2022,Dubia,Uninfected ,1,
Cedar,LSD,8/8/2022,Dubia,Uninfected ,0,
Cedar,LSD,8/8/2022,Dubia,Uninfected ,1,
Cedar,LSD,8/8/2022,Dubia,Uninfected ,0,
Cedar,LSD,8/8/2022,Dubia,Uninfected ,0,
Appleton,KJM,8/10/2022,Dubia,Uninfected ,1,
Appleton,KJM,8/10/2022,Dubia,Uninfected ,0,
Appleton,KJM,8/10/2022,Dubia,Uninfected ,1,
Appleton,KJM,8/10/2022,Dubia,Uninfected ,1,
Appleton,KJM,8/10/2022,Dubia,Uninfected ,1,
Appleton,KJM,8/10/2022,Dubia,Uninfected ,1,
Appleton,KJM,8/10/2022,Dubia,Uninfected ,1,
Appleton,KJM,8/10/2022,Dubia,Uninfected ,0,
Appleton,KJM,8/10/2022,Dubia,Uninfected ,1,
Appleton,KJM,8/10/2022,Dubia,Uninfected ,1,
Appleton,KJM,8/10/2022,Dubia,Uninfected ,1,
Appleton,KJM,8/10/2022,Dubia,Uninfected ,0,
Appleton,KJM,8/10/2022,Dubia,Uninfected ,2,
Appleton,KJM,8/10/2022,Dubia,Uninfected ,0,
Appleton,KJM,8/10/2022,Dubia,Uninfected ,0,
Appleton,KJM,8/10/2022,Dubia,Uninfected ,1,
Appleton,KJM,8/10/2022,Dubia,Uninfected ,1,
Appleton,KJM,8/10/2022,Dubia,Uninfected ,0,
Appleton,KJM,8/10/2022,Dubia,Uninfected ,1,
Appleton,KJM,8/10/2022,Dubia,Uninfected ,1,
Appleton,KJM,8/10/2022,Dubia,Uninfected ,1,
Appleton,KJM,8/10/2022,Dubia,Uninfected ,2,
Appleton,KJM,8/10/2022,Dubia,Uninfected ,1,
Bishop,MKD,8/10/2022,Dubia,Uninfected ,1,
Bishop,MKD,8/10/2022,Dubia,Uninfected ,1,
Bishop,MKD,8/10/2022,Dubia,Uninfected ,1,
Bishop,MKD,8/10/2022,Dubia,Uninfected ,2,
Bishop,MKD,8/10/2022,Dubia,Uninfected ,2,
Bishop,MKD,8/10/2022,Dubia,Uninfected ,1,
Bishop,MKD,8/10/2022,Dubia,Uninfected ,2,
Bishop,MKD,8/10/2022,Dubia,Uninfected ,2,
Bishop,MKD,8/10/2022,Dubia,Uninfected ,2,
Bishop,MKD,8/10/2022,Dubia,Uninfected ,2,
Bishop,MKD,8/10/2022,Dubia,Uninfected ,1,
Bishop,MKD,8/10/2022,Dubia,Uninfected ,1,
Bishop,MKD,8/10/2022,Dubia,Uninfected ,0,
Bishop,MKD,8/10/2022,Dubia,Uninfected ,1,
Bishop,MKD,8/10/2022,Dubia,Uninfected ,2,
Bishop,MKD,8/10/2022,Dubia,Uninfected ,2,
Bishop,MKD,8/10/2022,Dubia,Uninfected ,1,
Bishop,MKD,8/10/2022,Dubia,Uninfected ,1,
Bishop,MKD,8/10/2022,Dubia,Uninfected ,1,
Bishop,MKD,8/10/2022,Dubia,Uninfected ,1,
Bishop,MKD,8/10/2022,Dubia,Uninfected ,2,
Bishop,MKD,8/10/2022,Dubia,Uninfected ,1,
Bishop,MKD,8/10/2022,Dubia,Uninfected ,1,
Bishop,MKD,8/10/2022,Dubia,Uninfected ,1,
Bishop,MKD,8/10/2022,Dubia,Uninfected ,1,
Bishop,MKD,8/10/2022,Dubia,Uninfected ,0,
Bishop,MKD,8/10/2022,Dubia,Uninfected ,0,
Bishop,MKD,8/10/2022,Dubia,Uninfected ,1,
Bishop,MKD,8/10/2022,Dubia,Uninfected ,0,
Bishop,MKD,8/10/2022,Dubia,Uninfected ,1,
Bruin,KDM,8/17/2022,Dubia,Uninfected ,0,
Bruin,KDM,8/17/2022,Dubia,Uninfected ,0,
Bruin,KDM,8/17/2022,Dubia,Uninfected ,2,
Bruin,KDM,8/17/2022,Dubia,Uninfected ,1,
Bruin,KDM,8/17/2022,Dubia,Uninfected ,1,
Bruin,KDM,8/17/2022,Dubia,Uninfected ,1,
Bruin,KDM,8/17/2022,Dubia,Uninfected ,1,
Bruin,KDM,8/17/2022,Dubia,Uninfected ,1,
Bruin,KDM,8/17/2022,Dubia,Uninfected ,0,
Bruin,KDM,8/17/2022,Dubia,Uninfected ,1,
Bruin,KDM,8/17/2022,Dubia,Uninfected ,0,
Bruin,KDM,8/17/2022,Dubia,Uninfected ,1,
Bruin,KDM,8/17/2022,Dubia,Uninfected ,2,
Bruin,KDM,8/17/2022,Dubia,Uninfected ,1,
Bruin,KDM,8/17/2022,Dubia,Uninfected ,0,
Bruin,KDM,8/17/2022,Dubia,Uninfected ,0,
Bruin,KDM,8/17/2022,Dubia,Uninfected ,0,
Bruin,KDM,8/17/2022,Dubia,Uninfected ,0,
Bruin,KDM,8/17/2022,Dubia,Uninfected ,0,
Bruin,KDM,8/17/2022,Dubia,Uninfected ,0,
North,SKC,8/17/2022,Dubia,Uninfected ,0,
North,SKC,8/17/2022,Dubia,Uninfected ,1,
Cedar,LSD,8/22/2022,Dubia,Uninfected ,0,
Cedar,LSD,8/22/2022,Dubia,Uninfected ,0,
Cedar,LSD,8/22/2022,Dubia,Uninfected ,1,
Cedar,LSD,8/22/2022,Dubia,Uninfected ,1,
Cedar,LSD,8/22/2022,Dubia,Uninfected ,0,
Cedar,LSD,8/22/2022,Dubia,Uninfected ,1,
Cedar,LSD,8/22/2022,Dubia,Uninfected ,1,
Cedar,LSD,8/22/2022,Dubia,Uninfected ,1,
Cedar,LSD,8/22/2022,Dubia,Uninfected ,0,
Cedar,LSD,8/22/2022,Dubia,Uninfected ,0,
Cedar,LSD,8/22/2022,Dubia,Uninfected ,1,
Cedar,LSD,8/22/2022,Dubia,Uninfected ,0,
Cedar,LSD,8/22/2022,Dubia,Uninfected ,0,
Cedar,LSD,8/22/2022,Dubia,Uninfected ,0,
Cedar,LSD,8/22/2022,Dubia,Uninfected ,0,
Cedar,LSD,8/22/2022,Dubia,Uninfected ,1,
Cedar,LSD,8/22/2022,Dubia,Uninfected ,0,
Cedar,LSD,8/22/2022,Dubia,Uninfected ,0,
Cedar,LSD,8/22/2022,Dubia,Uninfected ,0,
Cedar,LSD,8/22/2022,Dubia,Uninfected ,1,
Cedar,LSD,8/22/2022,Dubia,Uninfected ,1,
Cedar,LSD,8/22/2022,Dubia,Uninfected ,1,
Cedar,LSD,8/22/2022,Dubia,Uninfected ,1,
Cedar,LSD,8/22/2022,Dubia,Uninfected ,0,
Cedar,LSD,8/22/2022,Dubia,Uninfected ,0,
Cedar,LSD,8/22/2022,Dubia,Uninfected ,0,
Cedar,LSD,8/22/2022,Dubia,Uninfected ,0,
Cedar,LSD,8/22/2022,Dubia,Uninfected ,2,
Cedar,LSD,8/22/2022,Dubia,Uninfected ,0,
Cedar,LSD,8/22/2022,Dubia,Uninfected ,0,
Little Appleton,KFS,8/24/2022,Dubia,Uninfected ,1,
Little Appleton,KFS,8/24/2022,Dubia,Uninfected ,1,
Appleton,KJM,8/24/2022,Dubia,Uninfected ,1,
Appleton,KJM,8/24/2022,Dubia,Uninfected ,1,
Appleton,KJM,8/24/2022,Dubia,Uninfected ,1,
Appleton,KJM,8/24/2022,Dubia,Uninfected ,1,
Appleton,KJM,8/24/2022,Dubia,Uninfected ,0,
Appleton,KJM,8/24/2022,Dubia,Uninfected ,2,
Appleton,KJM,8/24/2022,Dubia,Uninfected ,1,
Appleton,KJM,8/24/2022,Dubia,Uninfected ,1,
Appleton,KJM,8/24/2022,Dubia,Uninfected ,2,
Appleton,KJM,8/24/2022,Dubia,Uninfected ,1,
Appleton,KJM,8/24/2022,Dubia,Uninfected ,1,
Appleton,KJM,8/24/2022,Dubia,Uninfected ,2,
Appleton,KJM,8/24/2022,Dubia,Uninfected ,1,
Appleton,KJM,8/24/2022,Dubia,Uninfected ,2,
Appleton,KJM,8/24/2022,Dubia,Uninfected ,1,
Appleton,KJM,8/24/2022,Dubia,Uninfected ,1,
Appleton,KJM,8/24/2022,Dubia,Uninfected ,3,
Appleton,KJM,8/24/2022,Dubia,Uninfected ,1,
Appleton,KJM,8/24/2022,Dubia,Uninfected ,2,
Appleton,KJM,8/24/2022,Dubia,Uninfected ,2,
Appleton,KJM,8/24/2022,Dubia,Uninfected ,2,
Appleton,KJM,8/24/2022,Dubia,Uninfected ,1,
Appleton,KJM,8/24/2022,Dubia,Uninfected ,1,
Appleton,KJM,8/24/2022,Dubia,Uninfected ,0,
Appleton,KJM,8/24/2022,Dubia,Uninfected ,2,
Appleton,KJM,8/24/2022,Dubia,Coke,2,
Appleton,KJM,8/24/2022,Dubia,Coke,1,
Appleton,KJM,8/24/2022,Dubia,Coke,1,
Appleton,KJM,8/24/2022,Dubia,Coke,1,
Appleton,KJM,8/24/2022,Dubia,Coke,0,
Appleton,KJM,8/24/2022,Dubia,Coke,1,
Appleton,KJM,8/24/2022,Dubia,Coke,2,
Appleton,KJM,8/24/2022,Dubia,Coke,0,
Appleton,KJM,8/24/2022,Dubia,Coke,1,
Appleton,KJM,8/24/2022,Dubia,Coke,2,
Appleton,KJM,8/24/2022,Dubia,Coke,2,
Appleton,KJM,8/24/2022,Dubia,Coke,0,
Appleton,KJM,8/24/2022,Dubia,Coke,2,
Appleton,KJM,8/24/2022,Dubia,Coke,0,
Appleton,KJM,8/24/2022,Dubia,Coke,2,
Appleton,KJM,8/24/2022,Dubia,Coke,0,
Appleton,KJM,8/24/2022,Dubia,Coke,2,
Appleton,KJM,8/24/2022,Dubia,Coke,1,
Appleton,KJM,8/24/2022,Dubia,Coke,2,
Appleton,KJM,8/24/2022,Dubia,Coke,2,
Bishop,MKD,8/24/2022,Dubia,Uninfected ,1,
Bishop,MKD,8/24/2022,Dubia,Uninfected ,1,
Bishop,MKD,8/24/2022,Dubia,Uninfected ,0,
Bishop,MKD,8/24/2022,Dubia,Uninfected ,3,
Bishop,MKD,8/24/2022,Dubia,Uninfected ,0,
Bishop,MKD,8/24/2022,Dubia,Uninfected ,2,
Bishop,MKD,8/24/2022,Dubia,Uninfected ,1,
Bishop,MKD,8/24/2022,Dubia,Uninfected ,2,
Bishop,MKD,8/24/2022,Dubia,Uninfected ,1,
Bishop,MKD,8/24/2022,Dubia,Uninfected ,1,
Bishop,MKD,8/24/2022,Dubia,Uninfected ,1,
Bishop,MKD,8/24/2022,Dubia,Uninfected ,3,
Bishop,MKD,8/24/2022,Dubia,Uninfected ,2,
Bishop,MKD,8/24/2022,Dubia,Uninfected ,0,
Bishop,MKD,8/24/2022,Dubia,Uninfected ,2,
Bishop,MKD,8/24/2022,Dubia,Uninfected ,2,
Bishop,MKD,8/24/2022,Dubia,Uninfected ,2,
Bishop,MKD,8/24/2022,Dubia,Uninfected ,1,
Bishop,MKD,8/24/2022,Dubia,Uninfected ,1,
Bishop,MKD,8/24/2022,Dubia,Uninfected ,2,
Bishop,MKD,8/24/2022,Dubia,Uninfected ,1,
Bishop,MKD,8/24/2022,Dubia,Uninfected ,1,
Bruin,KMM,8/31/2022,Dubia,Uninfected ,2,
Bruin,KMM,8/31/2022,Dubia,Uninfected ,2,
Bruin,KMM,8/31/2022,Dubia,Uninfected ,0,
Bruin,KMM,8/31/2022,Dubia,Uninfected ,0,
Bruin,KMM,8/31/2022,Dubia,Uninfected ,0,
Bruin,KMM,8/31/2022,Dubia,Uninfected ,0,
Bruin,KMM,8/31/2022,Dubia,Uninfected ,1,
Bruin,KMM,8/31/2022,Dubia,Uninfected ,1,
Bruin,KMM,8/31/2022,Dubia,Uninfected ,0,
Bruin,KMM,8/31/2022,Dubia,Uninfected ,2,
Bruin,KMM,8/31/2022,Dubia,Uninfected ,0,
Bruin,KMM,8/31/2022,Dubia,Uninfected ,1,
Bruin,KMM,8/31/2022,Dubia,Uninfected ,1,
Bruin,KMM,8/31/2022,Dubia,Uninfected ,0,
Bruin,KMM,8/31/2022,Dubia,Uninfected ,1,
Bruin,KMM,8/31/2022,Dubia,Uninfected ,1,
Bruin,KMM,8/31/2022,Dubia,Uninfected ,1,
Bruin,KMM,8/31/2022,Dubia,Uninfected ,0,
Bruin,KMM,8/31/2022,Dubia,Uninfected ,1,
Bruin,KMM,8/31/2022,Dubia,Uninfected ,0,
Bruin,KMM,8/31/2022,Dubia,Uninfected ,2,
Bruin,KMM,8/31/2022,Dubia,Uninfected ,0,
Bruin,KMM,8/31/2022,Dubia,Uninfected ,0,
Bruin,KMM,8/31/2022,Dubia,Uninfected ,2,
Bruin,KMM,8/31/2022,Dubia,Uninfected ,1,
Cedar,MKD,9/6/2022,Dubia,Uninfected ,1,
Cedar,MKD,9/6/2022,Dubia,Uninfected ,1,
Appleton,LSD,9/7/2022,Dubia,Uninfected ,1,
Appleton,LSD,9/7/2022,Dubia,Uninfected ,2,
Appleton,LSD,9/7/2022,Dubia,Uninfected ,1,
Appleton,LSD,9/7/2022,Dubia,Uninfected ,2,
Appleton,LSD,9/7/2022,Dubia,Uninfected ,0,
Appleton,LSD,9/7/2022,Dubia,Uninfected ,1,
Appleton,LSD,9/7/2022,Dubia,Uninfected ,1,
Appleton,LSD,9/7/2022,Dubia,Uninfected ,1,
Appleton,LSD,9/7/2022,Dubia,Uninfected ,0,
Appleton,LSD,9/7/2022,Dubia,Uninfected ,1,
Appleton,LSD,9/7/2022,Dubia,Uninfected ,2,
Appleton,LSD,9/7/2022,Dubia,Uninfected ,1,
Appleton,LSD,9/7/2022,Dubia,Uninfected ,2,
Appleton,LSD,9/7/2022,Dubia,Uninfected ,2,
Appleton,LSD,9/7/2022,Dubia,Uninfected ,2,
Appleton,LSD,9/7/2022,Dubia,Uninfected ,2,
Appleton,LSD,9/7/2022,Dubia,Uninfected ,2,
Appleton,LSD,9/7/2022,Dubia,Uninfected ,2,
Appleton,LSD,9/7/2022,Dubia,Uninfected ,1,
Appleton,LSD,9/7/2022,Dubia,Uninfected ,2,
Appleton,LSD,9/7/2022,Dubia,Uninfected ,3,
Appleton,LSD,9/7/2022,Dubia,Uninfected ,0,
Appleton,LSD,9/7/2022,Dubia,Uninfected ,2,
Bishop,KJM,9/7/2022,Dubia,Uninfected ,1,
Bishop,KJM,9/7/2022,Dubia,Uninfected ,2,
Bishop,KJM,9/7/2022,Dubia,Uninfected ,0,
Bishop,KJM,9/7/2022,Dubia,Uninfected ,1,
Bishop,KJM,9/7/2022,Dubia,Uninfected ,0,
Bishop,KJM,9/7/2022,Dubia,Uninfected ,0,
Bishop,KJM,9/7/2022,Dubia,Uninfected ,2,
Bishop,KJM,9/7/2022,Dubia,Uninfected ,1,
Bishop,KJM,9/7/2022,Dubia,Uninfected ,2,
Bishop,KJM,9/7/2022,Dubia,Uninfected ,1,
Bishop,KJM,9/7/2022,Dubia,Uninfected ,0,
Bishop,KJM,9/7/2022,Dubia,Uninfected ,0,
Bishop,KJM,9/7/2022,Dubia,Uninfected ,1,
Bishop,KJM,9/7/2022,Dubia,Uninfected ,2,
Bishop,KJM,9/7/2022,Dubia,Uninfected ,2,
Bishop,KJM,9/7/2022,Dubia,Uninfected ,2,
Bishop,KJM,9/7/2022,Dubia,Uninfected ,1,
Bishop,KJM,9/7/2022,Dubia,Uninfected ,2,
Bishop,KJM,9/7/2022,Dubia,Uninfected ,2,
Bishop,KJM,9/7/2022,Dubia,Uninfected ,2,
Bishop,KJM,9/7/2022,Dubia,Uninfected ,0,
Bishop,KJM,9/7/2022,Dubia,Uninfected ,0,
Bishop,KJM,9/7/2022,Dubia,Uninfected ,2,
Bishop,KJM,9/7/2022,Dubia,Uninfected ,0,
Bishop,KJM,9/7/2022,Dubia,Uninfected ,2,
Bishop,KJM,9/7/2022,Dubia,Uninfected ,2,
Bishop,KJM,9/7/2022,Dubia,Uninfected ,2,
Bishop,KJM,9/7/2022,Dubia,Uninfected ,2,
Bishop,KJM,9/7/2022,Dubia,Uninfected ,1,
Bishop,KJM,9/7/2022,Dubia,Uninfected ,0,
Bishop,KJM,9/7/2022,Dubia,Uninfected ,1,
Bishop,KJM,9/7/2022,Dubia,Uninfected ,2,
Bishop,KJM,9/7/2022,Dubia,Coke,1,
Bishop,KJM,9/7/2022,Dubia,Coke,1,
Bishop,KJM,9/7/2022,Dubia,Brood,0,
Bishop,KJM,9/7/2022,Dubia,Brood,1,
Bishop,KJM,9/7/2022,Dubia,Brood,0,
Bishop,KJM,9/7/2022,Dubia,Brood,0,
Bishop,KJM,9/7/2022,Dubia,Brood,0,
Bishop,KJM,9/7/2022,Dubia,Brood,0,
Bishop,KJM,9/7/2022,Dubia,Brood,0,
Whitmore,KDM,9/8/2022,Dubia,Uninfected ,0,
Bruin,KMM,9/14/2022,Dubia,Uninfected ,0,
Bruin,KMM,9/14/2022,Dubia,Uninfected ,0,
Bruin,KMM,9/14/2022,Dubia,Uninfected ,0,
Bruin,KMM,9/14/2022,Dubia,Uninfected ,0,
Bruin,KMM,9/14/2022,Dubia,Uninfected ,0,
Bruin,KMM,9/14/2022,Dubia,Uninfected ,2,
Bruin,KMM,9/14/2022,Dubia,Uninfected ,1,
Bruin,KMM,9/14/2022,Dubia,Uninfected ,2,
Bruin,KMM,9/14/2022,Dubia,Uninfected ,0,
Bruin,KMM,9/14/2022,Dubia,Uninfected ,0,
Bruin,KMM,9/14/2022,Dubia,Uninfected ,2,
Bruin,KMM,9/14/2022,Dubia,Uninfected ,2,
Bruin,KMM,9/14/2022,Dubia,Uninfected ,2,
Bruin,KMM,9/14/2022,Dubia,Uninfected ,2,
Bruin,KMM,9/14/2022,Dubia,Uninfected ,1,
Bruin,KMM,9/14/2022,Dubia,Uninfected ,0,
Bruin,KMM,9/14/2022,Dubia,Uninfected ,0,
Bruin,KMM,9/14/2022,Dubia,Uninfected ,1,
Bruin,KMM,9/14/2022,Dubia,Uninfected ,2,
Bruin,KMM,9/14/2022,Dubia,Uninfected ,0,
Bruin,KMM,9/14/2022,Dubia,Uninfected ,0,
Bruin,KMM,9/14/2022,Dubia,Uninfected ,0,
Bruin,KMM,9/14/2022,Dubia,Uninfected ,2,
Bruin,KMM,9/14/2022,Dubia,Uninfected ,2,
Bruin,KMM,9/14/2022,Dubia,Uninfected ,1,
Bruin,KMM,9/14/2022,Dubia,MicG,1,
Crooked W,SKC,9/19/2022,Dubia,Uninfected ,2,
Appleton,KMM,9/21/2022,Dubia,Uninfected ,2,
Appleton,KMM,9/21/2022,Dubia,Uninfected ,0,
Appleton,KMM,9/21/2022,Dubia,Uninfected ,0,
Appleton,KMM,9/21/2022,Dubia,Uninfected ,0,
Appleton,KMM,9/21/2022,Dubia,Uninfected ,3,
Appleton,KMM,9/21/2022,Dubia,Uninfected ,0,
Appleton,KMM,9/21/2022,Dubia,Uninfected ,0,
Appleton,KMM,9/21/2022,Dubia,Uninfected ,4,
Appleton,KMM,9/21/2022,Dubia,Uninfected ,0,
Appleton,KMM,9/21/2022,Dubia,Uninfected ,3,
Appleton,KMM,9/21/2022,Dubia,Uninfected ,0,
Appleton,KMM,9/21/2022,Dubia,Uninfected ,0,
Appleton,KMM,9/21/2022,Dubia,Uninfected ,0,
Appleton,KMM,9/21/2022,Dubia,Uninfected ,4,
Appleton,KMM,9/21/2022,Dubia,Uninfected ,3,
Appleton,KMM,9/21/2022,Dubia,Uninfected ,2,
Appleton,KMM,9/21/2022,Dubia,Uninfected ,0,
Appleton,KMM,9/21/2022,Dubia,Uninfected ,1,
Appleton,KMM,9/21/2022,Dubia,Uninfected ,2,
Appleton,KMM,9/21/2022,Dubia,Uninfected ,2,
Appleton,KMM,9/21/2022,Dubia,Coke,2,
Appleton,KMM,9/21/2022,Dubia,Coke,0,
Appleton,KMM,9/21/2022,Dubia,Coke,0,
Appleton,KMM,9/21/2022,Dubia,Coke,0,
Appleton,KMM,9/21/2022,Dubia,Coke,0,
Bishop,MKD,9/21/2022,Dubia,Uninfected ,2,
Bishop,MKD,9/21/2022,Dubia,Uninfected ,2,
Bishop,MKD,9/21/2022,Dubia,Uninfected ,1,
Bishop,MKD,9/21/2022,Dubia,Uninfected ,1,
Bishop,MKD,9/21/2022,Dubia,Uninfected ,2,
Bishop,MKD,9/21/2022,Dubia,Uninfected ,2,
Bishop,MKD,9/21/2022,Dubia,Uninfected ,1,
Bishop,MKD,9/21/2022,Dubia,Uninfected ,2,
Bishop,MKD,9/21/2022,Dubia,Uninfected ,0,
Bishop,MKD,9/21/2022,Dubia,Uninfected ,0,
Bishop,MKD,9/21/2022,Dubia,Uninfected ,2,
Bishop,MKD,9/21/2022,Dubia,Uninfected ,2,
Bishop,MKD,9/21/2022,Dubia,Uninfected ,2,
Bishop,MKD,9/21/2022,Dubia,Uninfected ,2,
Bishop,MKD,9/21/2022,Dubia,Uninfected ,2,
Bishop,MKD,9/21/2022,Dubia,Uninfected ,2,
Bishop,MKD,9/21/2022,Dubia,Uninfected ,1,
Bruin,LSD,9/28/2022,Dubia,Uninfected ,3,
Bruin,LSD,9/28/2022,Dubia,Uninfected ,1,
Bruin,LSD,9/28/2022,Dubia,Uninfected ,2,
Bruin,LSD,9/28/2022,Dubia,Uninfected ,2,
Bruin,LSD,9/28/2022,Dubia,Uninfected ,0,
Bruin,LSD,9/28/2022,Dubia,Uninfected ,1,
Bruin,LSD,9/28/2022,Dubia,Uninfected ,0,
Bruin,LSD,9/28/2022,Dubia,Uninfected ,2,
Bruin,LSD,9/28/2022,Dubia,Uninfected ,2,
Bruin,LSD,9/28/2022,Dubia,Uninfected ,0,
Bruin,LSD,9/28/2022,Dubia,Uninfected ,2,
Bruin,LSD,9/28/2022,Dubia,Uninfected ,2,
Bruin,LSD,9/28/2022,Dubia,Uninfected ,1,
Bruin,LSD,9/28/2022,Dubia,Uninfected ,1,
Bruin,LSD,9/28/2022,Dubia,Uninfected ,2,
Bruin,LSD,9/28/2022,Dubia,Uninfected ,1,
Bruin,LSD,9/28/2022,Dubia,Uninfected ,1,
Bruin,LSD,9/28/2022,Dubia,Uninfected ,1,
Crooked W,SKC,10/3/2022,Dubia,Uninfected ,3,
Crooked W,SKC,10/3/2022,Dubia,Uninfected ,2,
Crooked W,SKC,10/3/2022,Dubia,Uninfected ,2,
Crooked W,SKC,10/3/2022,Dubia,Uninfected ,0,
Crooked W,SKC,10/3/2022,Dubia,Uninfected ,1,
Crooked W,SKC,10/3/2022,Dubia,Uninfected ,2,
Crooked W,SKC,10/3/2022,Dubia,Uninfected ,0,
Crooked W,SKC,10/3/2022,Dubia,Uninfected ,3,
Crooked W,SKC,10/3/2022,Dubia,Uninfected ,2,
Appleton,KMM,10/5/2022,Dubia,Uninfected ,0,
Appleton,KMM,10/5/2022,Dubia,Uninfected ,0,
Appleton,KMM,10/5/2022,Dubia,Uninfected ,0,
Appleton,KMM,10/5/2022,Dubia,Uninfected ,3,
Appleton,KMM,10/5/2022,Dubia,Uninfected ,0,
Appleton,KMM,10/5/2022,Dubia,Uninfected ,5,
Appleton,KMM,10/5/2022,Dubia,Uninfected ,3,
Appleton,KMM,10/5/2022,Dubia,Uninfected ,3,
Appleton,KMM,10/5/2022,Dubia,Uninfected ,1,
Appleton,KMM,10/5/2022,Dubia,Uninfected ,3,
Appleton,KMM,10/5/2022,Dubia,Uninfected ,0,
Appleton,KMM,10/5/2022,Dubia,Uninfected ,0,
Appleton,KMM,10/5/2022,Dubia,Uninfected ,7,
Appleton,KMM,10/5/2022,Dubia,Uninfected ,2,
Appleton,KMM,10/5/2022,Dubia,Uninfected ,0,
Appleton,KMM,10/5/2022,Dubia,Uninfected ,0,
Appleton,KMM,10/5/2022,Dubia,Uninfected ,1,
Appleton,KMM,10/5/2022,Dubia,Uninfected ,3,
Bishop,MKD,10/5/2022,Dubia,Uninfected ,1,
Bishop,MKD,10/5/2022,Dubia,Uninfected ,4,
Bishop,MKD,10/5/2022,Dubia,Uninfected ,4,
Bishop,MKD,10/5/2022,Dubia,Uninfected ,4,
Bishop,MKD,10/5/2022,Dubia,Uninfected ,2,
Bishop,MKD,10/5/2022,Dubia,Uninfected ,3,
Bishop,MKD,10/5/2022,Dubia,Uninfected ,3,
Bishop,MKD,10/5/2022,Dubia,Uninfected ,0,
Bishop,MKD,10/5/2022,Dubia,Uninfected ,1,
Bishop,MKD,10/5/2022,Dubia,Uninfected ,4,
Bishop,MKD,10/5/2022,Dubia,Uninfected ,3,
Bishop,MKD,10/5/2022,Dubia,Uninfected ,2,
Bishop,MKD,10/5/2022,Dubia,Uninfected ,2,
Bishop,MKD,10/5/2022,Dubia,Uninfected ,1,
Bishop,MKD,10/5/2022,Dubia,Uninfected ,1,
Bishop,MKD,10/5/2022,Dubia,Uninfected ,2,
Bishop,MKD,10/5/2022,Dubia,Uninfected ,2,
Bishop,MKD,10/5/2022,Dubia,Uninfected ,2,
Bishop,MKD,10/5/2022,Dubia,Uninfected ,2,
Bishop,MKD,10/5/2022,Dubia,Uninfected ,1,
Bishop,MKD,10/5/2022,Dubia,Uninfected ,3,
Bishop,MKD,10/5/2022,Dubia,Uninfected ,2,
Bishop,MKD,10/5/2022,Dubia,Coke,2,
Bishop,MKD,10/5/2022,Dubia,Coke,2,
Bishop,MKD,10/5/2022,Dubia,Coke,1,
Bishop,MKD,10/5/2022,Dubia,Coke,1,
Bishop,MKD,10/5/2022,Dubia,Brood,0,
Bishop,MKD,10/5/2022,Dubia,Brood,0,
Bishop,MKD,10/5/2022,Dubia,Brood,1,
Bishop,MKD,10/5/2022,Dubia,Brood,0,
Bruin,KMM,10/12/2022,Dubia,Uninfected ,1,
Bruin,KMM,10/12/2022,Dubia,Uninfected ,2,
Bruin,KMM,10/12/2022,Dubia,Uninfected ,3,
Bruin,KMM,10/12/2022,Dubia,Uninfected ,2,
Bruin,KMM,10/12/2022,Dubia,Uninfected ,3,
Bruin,KMM,10/26/2022,Dubia,Uninfected ,0,
Crooked W,MKD,10/31/2022,Dubia,Uninfected ,2,
Crooked W,MKD,10/31/2022,Dubia,Uninfected ,4,
Crooked W,MKD,10/31/2022,Dubia,Uninfected ,2,
Crooked W,MKD,10/31/2022,Dubia,Uninfected ,1,
Crooked W,MKD,10/31/2022,Dubia,Uninfected ,1,
Crooked W,MKD,10/31/2022,Dubia,Uninfected ,4,
Crooked W,MKD,10/31/2022,Dubia,Uninfected ,3,
Crooked W,MKD,10/31/2022,Dubia,Uninfected ,4,
Crooked W,MKD,10/31/2022,Dubia,Uninfected ,2,
Crooked W,MKD,10/31/2022,Dubia,Uninfected ,2,
Crooked W,MKD,10/31/2022,Dubia,Uninfected ,3,
Crooked W,MKD,10/31/2022,Dubia,Uninfected ,1,
Cedar,KJM,10/31/2022,Dubia,Uninfected ,0,
Bishop,KJM,10/19/2022,Dubia,Uninfected ,1,
Bishop,KJM,10/19/2022,Dubia,Uninfected ,2,
Bishop,KJM,10/19/2022,Dubia,Uninfected ,0,
Bishop,KJM,10/19/2022,Dubia,Uninfected ,0,
Bishop,KJM,10/19/2022,Dubia,Uninfected ,0,
Bishop,KJM,10/19/2022,Dubia,Uninfected ,0,
Bishop,KJM,10/19/2022,Dubia,Uninfected ,3,
Bishop,KJM,10/19/2022,Dubia,Uninfected ,1,
Bishop,KJM,10/19/2022,Dubia,Uninfected ,3,
Bishop,KJM,10/19/2022,Dubia,Uninfected ,1,
Bishop,KJM,10/19/2022,Dubia,Uninfected ,0,
Bishop,KJM,10/19/2022,Dubia,Uninfected ,4,
Bishop,KJM,10/19/2022,Dubia,Uninfected ,2,
Bishop,KJM,10/19/2022,Dubia,Uninfected ,1,
Bishop,KJM,10/19/2022,Dubia,Coke,1,
Bishop,KJM,10/19/2022,Dubia,Coke,1,
Bishop,KJM,10/19/2022,Dubia,Coke,2,
Bishop,KJM,10/19/2022,Dubia,Coke,0,
Bishop,KJM,10/19/2022,Dubia,Coke,0,
Bishop,KJM,10/19/2022,Dubia,Coke,1,
Bishop,KJM,10/19/2022,Dubia,Coke,1,
Bishop,KJM,10/19/2022,Dubia,Coke,1,
Bishop,KJM,10/19/2022,Dubia,Coke,1,
Bishop,KJM,10/19/2022,Dubia,Coke,2,
Bishop,KJM,10/19/2022,Dubia,Coke,1,
Bishop,KJM,10/19/2022,Dubia,Coke,2,
Bishop,KJM,10/19/2022,Dubia,Coke,1,
Bishop,KJM,10/19/2022,Dubia,Coke,2,
Crooked W,SKC,9/19/2022,Dubia,Uninfected ,2,
Appleton,KMM,10/19/2022,Dubia,Uninfected ,1,
Appleton,KMM,10/19/2022,Dubia,Uninfected ,4,
Appleton,KMM,10/19/2022,Dubia,Uninfected ,1,
Appleton,KMM,10/19/2022,Dubia,Uninfected ,2,
Appleton,KMM,10/19/2022,Dubia,Uninfected ,2,
Appleton,KMM,10/19/2022,Dubia,Uninfected ,3,
North,KJM,10/26/2022,Dubia,Uninfected ,2,
Appleton,KDM,11/3/2022,Dubia,Uninfected ,1,
Appleton,KDM,11/3/2022,Dubia,Uninfected ,1,
Appleton,KDM,11/3/2022,Dubia,Uninfected ,3,
Appleton,KDM,11/3/2022,Dubia,Uninfected ,0,
Appleton,KDM,11/3/2022,Dubia,Uninfected ,1,
Appleton,KDM,11/3/2022,Dubia,Uninfected ,2,
Appleton,KDM,11/3/2022,Dubia,Uninfected ,0,
Appleton,KDM,11/3/2022,Dubia,Uninfected ,2,
Appleton,KDM,11/3/2022,Dubia,Uninfected ,0,
Appleton,KDM,11/3/2022,Dubia,Uninfected ,2,
Bishop,KJM,11/3/2022,Dubia,Uninfected ,1,
Bishop,KJM,11/3/2022,Dubia,Uninfected ,2,
Bishop,KJM,11/3/2022,Dubia,Uninfected ,2,
Bishop,KJM,11/3/2022,Dubia,Uninfected ,0,
Bishop,KJM,11/3/2022,Dubia,Uninfected ,2,
Bishop,KJM,11/3/2022,Dubia,Uninfected ,0,
Bishop,KJM,11/3/2022,Dubia,Uninfected ,2,
Bishop,KJM,11/3/2022,Dubia,Uninfected ,1,
Bishop,KJM,11/3/2022,Dubia,Uninfected ,0,
Bishop,KJM,11/3/2022,Dubia,Uninfected ,2,
Bishop,KJM,11/3/2022,Dubia,Uninfected ,2,
Bishop,KJM,11/3/2022,Dubia,Uninfected ,2,
Bishop,KJM,11/3/2022,Dubia,Uninfected ,1,
Bishop,KJM,11/3/2022,Dubia,Uninfected ,2,
Bishop,KJM,11/3/2022,Dubia,Uninfected ,2,
Bishop,KJM,11/3/2022,Dubia,Uninfected ,2,
Bishop,KJM,11/3/2022,Dubia,Uninfected ,2,
Bishop,KJM,11/3/2022,Dubia,Coke,2,
Bishop,KJM,11/3/2022,Dubia,Coke,1,
Bishop,KJM,11/3/2022,Dubia,Coke,2,
Bishop,KJM,11/3/2022,Dubia,Coke,2,
Bruin,KFS,11/9/2022,Dubia,Uninfected ,0,
Bruin,KFS,11/9/2022,Dubia,Uninfected ,3,
Bruin,KFS,11/9/2022,Dubia,Uninfected ,0,
